{"cameraMode":{"drawMode":2,"name":"Shaded Wireframe","section":"Shading Mode"},"sceneLighting":false,"audioPlay":false,"sceneViewState":{"showFog":true,"showMaterialUpdate":false,"showSkybox":false,"showFlares":true,"showImageEffects":true,"showParticleSystems":true},"in2DMode":false,"pivot":{"x":-0.5390125513076782,"y":9.160944938659668,"z":10.384092330932618},"rotation":{"x":-0.22858422994613648,"y":0.07187490165233612,"z":0.016924962401390077,"w":0.9707197546958923},"size":3.600142002105713,"orthographic":false}