{"cameraMode":{"drawMode":0,"name":"Shaded","section":"Shading Mode"},"sceneLighting":false,"audioPlay":false,"sceneViewState":{"showFog":true,"showMaterialUpdate":false,"showSkybox":false,"showFlares":true,"showImageEffects":true,"showParticleSystems":true},"in2DMode":false,"pivot":{"x":0.9243321418762207,"y":1.0781831741333008,"z":-1.2037858963012696},"rotation":{"x":-0.04300766810774803,"y":0.9498739242553711,"z":-0.15115602314472199,"w":-0.2702624499797821},"size":8.29942798614502,"orthographic":false}