{"cameraMode":{"drawMode":0,"name":"Shaded","section":"Shading Mode"},"sceneLighting":false,"audioPlay":false,"sceneViewState":{"showFog":true,"showMaterialUpdate":false,"showSkybox":false,"showFlares":true,"showImageEffects":true,"showParticleSystems":true},"in2DMode":false,"pivot":{"x":0.5775003433227539,"y":2.0238986015319826,"z":-1.4735040664672852},"rotation":{"x":-0.03795711323618889,"y":0.9429178833961487,"z":-0.11542787402868271,"w":-0.3100670874118805},"size":10.0,"orthographic":false}