{"cameraMode":{"drawMode":2,"name":"Shaded Wireframe","section":"Shading Mode"},"sceneLighting":false,"audioPlay":false,"sceneViewState":{"showFog":true,"showMaterialUpdate":false,"showSkybox":false,"showFlares":true,"showImageEffects":true,"showParticleSystems":true},"in2DMode":false,"pivot":{"x":8.425716400146485,"y":8.860954284667969,"z":10.92546558380127},"rotation":{"x":0.008528615348041058,"y":-0.2153826504945755,"z":0.0018810598412528635,"w":0.9764907360076904},"size":4.286835193634033,"orthographic":false}